actor,actor_type,source_provider,source_report,report_date,source_url,indicator_type,indicator_value,country,target_country,target_sector,ttp,ttp_framework,confidence,description,date_added
2021 07 taking action against hackers in iran,threat_actor,meta,2021 07 taking action against hackers in iran,2021-07-15,https://about.fb.com/news/2021/07/taking-action-against-hackers-in-iran/,domain,1st-smtp2go.email,Iran,,,,none,,Iran: Tortoiseshell related Domain,2026-09-11
2021 07 taking action against hackers in iran,threat_actor,meta,2021 07 taking action against hackers in iran,2021-07-15,https://about.fb.com/news/2021/07/taking-action-against-hackers-in-iran/,domain,2nd-smtp2go.email,Iran,,,,none,,Iran: Tortoiseshell related Domain,2026-09-11
2021 07 taking action against hackers in iran,threat_actor,meta,2021 07 taking action against hackers in iran,2021-07-15,https://about.fb.com/news/2021/07/taking-action-against-hackers-in-iran/,domain,3rd-smtp2go.email,Iran,,,,none,,Iran: Tortoiseshell related Domain,2026-09-11
2021 07 taking action against hackers in iran,threat_actor,meta,2021 07 taking action against hackers in iran,2021-07-15,https://about.fb.com/news/2021/07/taking-action-against-hackers-in-iran/,domain,4th-smtp2go.email,Iran,,,,none,,Iran: Tortoiseshell related Domain,2026-09-11
2021 07 taking action against hackers in iran,threat_actor,meta,2021 07 taking action against hackers in iran,2021-07-15,https://about.fb.com/news/2021/07/taking-action-against-hackers-in-iran/,domain,accounts.cam,Iran,,,,none,,Iran: Tortoiseshell related Domain,2026-09-11
2021 07 taking action against hackers in iran,threat_actor,meta,2021 07 taking action against hackers in iran,2021-07-15,https://about.fb.com/news/2021/07/taking-action-against-hackers-in-iran/,domain,activesessions.me,Iran,,,,none,,Iran: Tortoiseshell related Domain,2026-09-11
2021 07 taking action against hackers in iran,threat_actor,meta,2021 07 taking action against hackers in iran,2021-07-15,https://about.fb.com/news/2021/07/taking-action-against-hackers-in-iran/,domain,adobes.software,Iran,,,,none,,Iran: Tortoiseshell related Domain,2026-09-11
2021 07 taking action against hackers in iran,threat_actor,meta,2021 07 taking action against hackers in iran,2021-07-15,https://about.fb.com/news/2021/07/taking-action-against-hackers-in-iran/,domain,alhds.net,Iran,,,,none,,Iran: Tortoiseshell related Domain,2026-09-11
2021 07 taking action against hackers in iran,threat_actor,meta,2021 07 taking action against hackers in iran,2021-07-15,https://about.fb.com/news/2021/07/taking-action-against-hackers-in-iran/,domain,apppure.cf,Iran,,,,none,,Iran: Tortoiseshell related Domain,2026-09-11
2021 07 taking action against hackers in iran,threat_actor,meta,2021 07 taking action against hackers in iran,2021-07-15,https://about.fb.com/news/2021/07/taking-action-against-hackers-in-iran/,domain,bahri.site,Iran,,,,none,,Iran: Tortoiseshell related Domain,2026-09-11
2021 07 taking action against hackers in iran,threat_actor,meta,2021 07 taking action against hackers in iran,2021-07-15,https://about.fb.com/news/2021/07/taking-action-against-hackers-in-iran/,domain,bbcnews.email,Iran,,,,none,,Iran: Tortoiseshell related Domain,2026-09-11
2021 07 taking action against hackers in iran,threat_actor,meta,2021 07 taking action against hackers in iran,2021-07-15,https://about.fb.com/news/2021/07/taking-action-against-hackers-in-iran/,domain,bitly.cam,Iran,,,,none,,Iran: Tortoiseshell related Domain,2026-09-11
2021 07 taking action against hackers in iran,threat_actor,meta,2021 07 taking action against hackers in iran,2021-07-15,https://about.fb.com/news/2021/07/taking-action-against-hackers-in-iran/,domain,biturl.cx,Iran,,,,none,,Iran: Tortoiseshell related Domain,2026-09-11
2021 07 taking action against hackers in iran,threat_actor,meta,2021 07 taking action against hackers in iran,2021-07-15,https://about.fb.com/news/2021/07/taking-action-against-hackers-in-iran/,domain,brdcst.email,Iran,,,,none,,Iran: Tortoiseshell related Domain,2026-09-11
2021 07 taking action against hackers in iran,threat_actor,meta,2021 07 taking action against hackers in iran,2021-07-15,https://about.fb.com/news/2021/07/taking-action-against-hackers-in-iran/,domain,careeronestop.site,Iran,,,,none,,Iran: Tortoiseshell related Domain,2026-09-11
2021 07 taking action against hackers in iran,threat_actor,meta,2021 07 taking action against hackers in iran,2021-07-15,https://about.fb.com/news/2021/07/taking-action-against-hackers-in-iran/,domain,cc-security-inc.email,Iran,,,,none,,Iran: Tortoiseshell related Domain,2026-09-11
2021 07 taking action against hackers in iran,threat_actor,meta,2021 07 taking action against hackers in iran,2021-07-15,https://about.fb.com/news/2021/07/taking-action-against-hackers-in-iran/,domain,ccsecurity-mail-inc.email,Iran,,,,none,,Iran: Tortoiseshell related Domain,2026-09-11
2021 07 taking action against hackers in iran,threat_actor,meta,2021 07 taking action against hackers in iran,2021-07-15,https://about.fb.com/news/2021/07/taking-action-against-hackers-in-iran/,domain,ccsecurity-mail-inc.services,Iran,,,,none,,Iran: Tortoiseshell related Domain,2026-09-11
2021 07 taking action against hackers in iran,threat_actor,meta,2021 07 taking action against hackers in iran,2021-07-15,https://about.fb.com/news/2021/07/taking-action-against-hackers-in-iran/,domain,citymyworkday.com,Iran,,,,none,,Iran: Tortoiseshell related Domain,2026-09-11
2021 07 taking action against hackers in iran,threat_actor,meta,2021 07 taking action against hackers in iran,2021-07-15,https://about.fb.com/news/2021/07/taking-action-against-hackers-in-iran/,domain,cityofberkeley.support,Iran,,,,none,,Iran: Tortoiseshell related Domain,2026-09-11
2021 07 taking action against hackers in iran,threat_actor,meta,2021 07 taking action against hackers in iran,2021-07-15,https://about.fb.com/news/2021/07/taking-action-against-hackers-in-iran/,domain,cnbcnews.email,Iran,,,,none,,Iran: Tortoiseshell related Domain,2026-09-11
2021 07 taking action against hackers in iran,threat_actor,meta,2021 07 taking action against hackers in iran,2021-07-15,https://about.fb.com/news/2021/07/taking-action-against-hackers-in-iran/,domain,cnnnews.global,Iran,,,,none,,Iran: Tortoiseshell related Domain,2026-09-11
2021 07 taking action against hackers in iran,threat_actor,meta,2021 07 taking action against hackers in iran,2021-07-15,https://about.fb.com/news/2021/07/taking-action-against-hackers-in-iran/,domain,codejquery-ui.com,Iran,,,,none,,Iran: Tortoiseshell related Domain,2026-09-11
2021 07 taking action against hackers in iran,threat_actor,meta,2021 07 taking action against hackers in iran,2021-07-15,https://about.fb.com/news/2021/07/taking-action-against-hackers-in-iran/,domain,com-account-challenge.email,Iran,,,,none,,Iran: Tortoiseshell related Domain,2026-09-11
2021 07 taking action against hackers in iran,threat_actor,meta,2021 07 taking action against hackers in iran,2021-07-15,https://about.fb.com/news/2021/07/taking-action-against-hackers-in-iran/,domain,com-signin-v2.email,Iran,,,,none,,Iran: Tortoiseshell related Domain,2026-09-11
2021 07 taking action against hackers in iran,threat_actor,meta,2021 07 taking action against hackers in iran,2021-07-15,https://about.fb.com/news/2021/07/taking-action-against-hackers-in-iran/,domain,comlogin.online,Iran,,,,none,,Iran: Tortoiseshell related Domain,2026-09-11
2021 07 taking action against hackers in iran,threat_actor,meta,2021 07 taking action against hackers in iran,2021-07-15,https://about.fb.com/news/2021/07/taking-action-against-hackers-in-iran/,domain,comlogin.services,Iran,,,,none,,Iran: Tortoiseshell related Domain,2026-09-11
2021 07 taking action against hackers in iran,threat_actor,meta,2021 07 taking action against hackers in iran,2021-07-15,https://about.fb.com/news/2021/07/taking-action-against-hackers-in-iran/,domain,copyleft.today,Iran,,,,none,,Iran: Tortoiseshell related Domain,2026-09-11
2021 07 taking action against hackers in iran,threat_actor,meta,2021 07 taking action against hackers in iran,2021-07-15,https://about.fb.com/news/2021/07/taking-action-against-hackers-in-iran/,domain,crisiswatchsupport.shop,Iran,,,,none,,Iran: Tortoiseshell related Domain,2026-09-11
2021 07 taking action against hackers in iran,threat_actor,meta,2021 07 taking action against hackers in iran,2021-07-15,https://about.fb.com/news/2021/07/taking-action-against-hackers-in-iran/,domain,datacatch.xyz,Iran,,,,none,,Iran: Tortoiseshell related Domain,2026-09-11
2021 07 taking action against hackers in iran,threat_actor,meta,2021 07 taking action against hackers in iran,2021-07-15,https://about.fb.com/news/2021/07/taking-action-against-hackers-in-iran/,domain,dayzim.org,Iran,,,,none,,Iran: Tortoiseshell related Domain,2026-09-11
2021 07 taking action against hackers in iran,threat_actor,meta,2021 07 taking action against hackers in iran,2021-07-15,https://about.fb.com/news/2021/07/taking-action-against-hackers-in-iran/,domain,dh135.world,Iran,,,,none,,Iran: Tortoiseshell related Domain,2026-09-11
2021 07 taking action against hackers in iran,threat_actor,meta,2021 07 taking action against hackers in iran,2021-07-15,https://about.fb.com/news/2021/07/taking-action-against-hackers-in-iran/,domain,dollrealdoll.com,Iran,,,,none,,Iran: Tortoiseshell related Domain,2026-09-11
2021 07 taking action against hackers in iran,threat_actor,meta,2021 07 taking action against hackers in iran,2021-07-15,https://about.fb.com/news/2021/07/taking-action-against-hackers-in-iran/,domain,dollrealdoll.online,Iran,,,,none,,Iran: Tortoiseshell related Domain,2026-09-11
2021 07 taking action against hackers in iran,threat_actor,meta,2021 07 taking action against hackers in iran,2021-07-15,https://about.fb.com/news/2021/07/taking-action-against-hackers-in-iran/,domain,entrust.work,Iran,,,,none,,Iran: Tortoiseshell related Domain,2026-09-11
2021 07 taking action against hackers in iran,threat_actor,meta,2021 07 taking action against hackers in iran,2021-07-15,https://about.fb.com/news/2021/07/taking-action-against-hackers-in-iran/,domain,erictrumpfundation.com,Iran,,,,none,,Iran: Tortoiseshell related Domain,2026-09-11
2021 07 taking action against hackers in iran,threat_actor,meta,2021 07 taking action against hackers in iran,2021-07-15,https://about.fb.com/news/2021/07/taking-action-against-hackers-in-iran/,domain,facebookservices.gq,Iran,,,,none,,Iran: Tortoiseshell related Domain,2026-09-11
2021 07 taking action against hackers in iran,threat_actor,meta,2021 07 taking action against hackers in iran,2021-07-15,https://about.fb.com/news/2021/07/taking-action-against-hackers-in-iran/,domain,fblogin.me,Iran,,,,none,,Iran: Tortoiseshell related Domain,2026-09-11
2021 07 taking action against hackers in iran,threat_actor,meta,2021 07 taking action against hackers in iran,2021-07-15,https://about.fb.com/news/2021/07/taking-action-against-hackers-in-iran/,domain,fileblade.ga,Iran,,,,none,,Iran: Tortoiseshell related Domain,2026-09-11
2021 07 taking action against hackers in iran,threat_actor,meta,2021 07 taking action against hackers in iran,2021-07-15,https://about.fb.com/news/2021/07/taking-action-against-hackers-in-iran/,domain,findcareersatusbofa.com,Iran,,,,none,,Iran: Tortoiseshell related Domain,2026-09-11
2021 07 taking action against hackers in iran,threat_actor,meta,2021 07 taking action against hackers in iran,2021-07-15,https://about.fb.com/news/2021/07/taking-action-against-hackers-in-iran/,domain,fiservcareers.com,Iran,,,,none,,Iran: Tortoiseshell related Domain,2026-09-11
2021 07 taking action against hackers in iran,threat_actor,meta,2021 07 taking action against hackers in iran,2021-07-15,https://about.fb.com/news/2021/07/taking-action-against-hackers-in-iran/,domain,goodreads.rest,Iran,,,,none,,Iran: Tortoiseshell related Domain,2026-09-11
2021 07 taking action against hackers in iran,threat_actor,meta,2021 07 taking action against hackers in iran,2021-07-15,https://about.fb.com/news/2021/07/taking-action-against-hackers-in-iran/,domain,googl.club,Iran,,,,none,,Iran: Tortoiseshell related Domain,2026-09-11
2021 07 taking action against hackers in iran,threat_actor,meta,2021 07 taking action against hackers in iran,2021-07-15,https://about.fb.com/news/2021/07/taking-action-against-hackers-in-iran/,domain,gropinggo.com,Iran,,,,none,,Iran: Tortoiseshell related Domain,2026-09-11
2021 07 taking action against hackers in iran,threat_actor,meta,2021 07 taking action against hackers in iran,2021-07-15,https://about.fb.com/news/2021/07/taking-action-against-hackers-in-iran/,domain,hex6mak5z98nubb9vpd6t36cydkncfci9im872qx6hjci2egx8irq3qyt9pj.online,Iran,,,,none,,Iran: Tortoiseshell related Domain,2026-09-11
2021 07 taking action against hackers in iran,threat_actor,meta,2021 07 taking action against hackers in iran,2021-07-15,https://about.fb.com/news/2021/07/taking-action-against-hackers-in-iran/,domain,hike.studio,Iran,,,,none,,Iran: Tortoiseshell related Domain,2026-09-11
2021 07 taking action against hackers in iran,threat_actor,meta,2021 07 taking action against hackers in iran,2021-07-15,https://about.fb.com/news/2021/07/taking-action-against-hackers-in-iran/,domain,hiremilitaryheroes.com,Iran,,,,none,,Iran: Tortoiseshell related Domain,2026-09-11
2021 07 taking action against hackers in iran,threat_actor,meta,2021 07 taking action against hackers in iran,2021-07-15,https://about.fb.com/news/2021/07/taking-action-against-hackers-in-iran/,domain,hosted-microsoft.com,Iran,,,,none,,Iran: Tortoiseshell related Domain,2026-09-11
2021 07 taking action against hackers in iran,threat_actor,meta,2021 07 taking action against hackers in iran,2021-07-15,https://about.fb.com/news/2021/07/taking-action-against-hackers-in-iran/,domain,iemail.today,Iran,,,,none,,Iran: Tortoiseshell related Domain,2026-09-11
2021 07 taking action against hackers in iran,threat_actor,meta,2021 07 taking action against hackers in iran,2021-07-15,https://about.fb.com/news/2021/07/taking-action-against-hackers-in-iran/,domain,incognito.today,Iran,,,,none,,Iran: Tortoiseshell related Domain,2026-09-11
2021 07 taking action against hackers in iran,threat_actor,meta,2021 07 taking action against hackers in iran,2021-07-15,https://about.fb.com/news/2021/07/taking-action-against-hackers-in-iran/,domain,infoga.cam,Iran,,,,none,,Iran: Tortoiseshell related Domain,2026-09-11
2021 07 taking action against hackers in iran,threat_actor,meta,2021 07 taking action against hackers in iran,2021-07-15,https://about.fb.com/news/2021/07/taking-action-against-hackers-in-iran/,domain,iqtel.org,Iran,,,,none,,Iran: Tortoiseshell related Domain,2026-09-11
2021 07 taking action against hackers in iran,threat_actor,meta,2021 07 taking action against hackers in iran,2021-07-15,https://about.fb.com/news/2021/07/taking-action-against-hackers-in-iran/,domain,irtreporter.com,Iran,,,,none,,Iran: Tortoiseshell related Domain,2026-09-11
2021 07 taking action against hackers in iran,threat_actor,meta,2021 07 taking action against hackers in iran,2021-07-15,https://about.fb.com/news/2021/07/taking-action-against-hackers-in-iran/,domain,itiee.life,Iran,,,,none,,Iran: Tortoiseshell related Domain,2026-09-11
2021 07 taking action against hackers in iran,threat_actor,meta,2021 07 taking action against hackers in iran,2021-07-15,https://about.fb.com/news/2021/07/taking-action-against-hackers-in-iran/,domain,itieee.life,Iran,,,,none,,Iran: Tortoiseshell related Domain,2026-09-11
2021 07 taking action against hackers in iran,threat_actor,meta,2021 07 taking action against hackers in iran,2021-07-15,https://about.fb.com/news/2021/07/taking-action-against-hackers-in-iran/,domain,jessicamcgill.life,Iran,,,,none,,Iran: Tortoiseshell related Domain,2026-09-11
2021 07 taking action against hackers in iran,threat_actor,meta,2021 07 taking action against hackers in iran,2021-07-15,https://about.fb.com/news/2021/07/taking-action-against-hackers-in-iran/,domain,jqueryui-code.com,Iran,,,,none,,Iran: Tortoiseshell related Domain,2026-09-11
2021 07 taking action against hackers in iran,threat_actor,meta,2021 07 taking action against hackers in iran,2021-07-15,https://about.fb.com/news/2021/07/taking-action-against-hackers-in-iran/,domain,jumhuria.com,Iran,,,,none,,Iran: Tortoiseshell related Domain,2026-09-11
2021 07 taking action against hackers in iran,threat_actor,meta,2021 07 taking action against hackers in iran,2021-07-15,https://about.fb.com/news/2021/07/taking-action-against-hackers-in-iran/,domain,kartick.net,Iran,,,,none,,Iran: Tortoiseshell related Domain,2026-09-11
2021 07 taking action against hackers in iran,threat_actor,meta,2021 07 taking action against hackers in iran,2021-07-15,https://about.fb.com/news/2021/07/taking-action-against-hackers-in-iran/,domain,kaspersky.team,Iran,,,,none,,Iran: Tortoiseshell related Domain,2026-09-11
2021 07 taking action against hackers in iran,threat_actor,meta,2021 07 taking action against hackers in iran,2021-07-15,https://about.fb.com/news/2021/07/taking-action-against-hackers-in-iran/,domain,linkgen.me,Iran,,,,none,,Iran: Tortoiseshell related Domain,2026-09-11
2021 07 taking action against hackers in iran,threat_actor,meta,2021 07 taking action against hackers in iran,2021-07-15,https://about.fb.com/news/2021/07/taking-action-against-hackers-in-iran/,domain,linksbit.com,Iran,,,,none,,Iran: Tortoiseshell related Domain,2026-09-11
2021 07 taking action against hackers in iran,threat_actor,meta,2021 07 taking action against hackers in iran,2021-07-15,https://about.fb.com/news/2021/07/taking-action-against-hackers-in-iran/,domain,linq.ink,Iran,,,,none,,Iran: Tortoiseshell related Domain,2026-09-11
2021 07 taking action against hackers in iran,threat_actor,meta,2021 07 taking action against hackers in iran,2021-07-15,https://about.fb.com/news/2021/07/taking-action-against-hackers-in-iran/,domain,liveleak.cam,Iran,,,,none,,Iran: Tortoiseshell related Domain,2026-09-11
2021 07 taking action against hackers in iran,threat_actor,meta,2021 07 taking action against hackers in iran,2021-07-15,https://about.fb.com/news/2021/07/taking-action-against-hackers-in-iran/,domain,liveuamap.live,Iran,,,,none,,Iran: Tortoiseshell related Domain,2026-09-11
2021 07 taking action against hackers in iran,threat_actor,meta,2021 07 taking action against hackers in iran,2021-07-15,https://about.fb.com/news/2021/07/taking-action-against-hackers-in-iran/,domain,lockheedmartinjobs.us,Iran,,,,none,,Iran: Tortoiseshell related Domain,2026-09-11
2021 07 taking action against hackers in iran,threat_actor,meta,2021 07 taking action against hackers in iran,2021-07-15,https://about.fb.com/news/2021/07/taking-action-against-hackers-in-iran/,domain,loginaccount.email,Iran,,,,none,,Iran: Tortoiseshell related Domain,2026-09-11
2021 07 taking action against hackers in iran,threat_actor,meta,2021 07 taking action against hackers in iran,2021-07-15,https://about.fb.com/news/2021/07/taking-action-against-hackers-in-iran/,domain,logonexchangeonline.com,Iran,,,,none,,Iran: Tortoiseshell related Domain,2026-09-11
2021 07 taking action against hackers in iran,threat_actor,meta,2021 07 taking action against hackers in iran,2021-07-15,https://about.fb.com/news/2021/07/taking-action-against-hackers-in-iran/,domain,logonmicrosoftonline.com,Iran,,,,none,,Iran: Tortoiseshell related Domain,2026-09-11
2021 07 taking action against hackers in iran,threat_actor,meta,2021 07 taking action against hackers in iran,2021-07-15,https://about.fb.com/news/2021/07/taking-action-against-hackers-in-iran/,domain,lskjirn.life,Iran,,,,none,,Iran: Tortoiseshell related Domain,2026-09-11
2021 07 taking action against hackers in iran,threat_actor,meta,2021 07 taking action against hackers in iran,2021-07-15,https://about.fb.com/news/2021/07/taking-action-against-hackers-in-iran/,domain,mail2go.live,Iran,,,,none,,Iran: Tortoiseshell related Domain,2026-09-11
2021 07 taking action against hackers in iran,threat_actor,meta,2021 07 taking action against hackers in iran,2021-07-15,https://about.fb.com/news/2021/07/taking-action-against-hackers-in-iran/,domain,mail2go.online,Iran,,,,none,,Iran: Tortoiseshell related Domain,2026-09-11
2021 07 taking action against hackers in iran,threat_actor,meta,2021 07 taking action against hackers in iran,2021-07-15,https://about.fb.com/news/2021/07/taking-action-against-hackers-in-iran/,domain,mail2u.live,Iran,,,,none,,Iran: Tortoiseshell related Domain,2026-09-11
2021 07 taking action against hackers in iran,threat_actor,meta,2021 07 taking action against hackers in iran,2021-07-15,https://about.fb.com/news/2021/07/taking-action-against-hackers-in-iran/,domain,mailaccountlive.email,Iran,,,,none,,Iran: Tortoiseshell related Domain,2026-09-11
2021 07 taking action against hackers in iran,threat_actor,meta,2021 07 taking action against hackers in iran,2021-07-15,https://about.fb.com/news/2021/07/taking-action-against-hackers-in-iran/,domain,mailaccountlive.support,Iran,,,,none,,Iran: Tortoiseshell related Domain,2026-09-11
2021 07 taking action against hackers in iran,threat_actor,meta,2021 07 taking action against hackers in iran,2021-07-15,https://about.fb.com/news/2021/07/taking-action-against-hackers-in-iran/,domain,mailpublisher.live,Iran,,,,none,,Iran: Tortoiseshell related Domain,2026-09-11
2021 07 taking action against hackers in iran,threat_actor,meta,2021 07 taking action against hackers in iran,2021-07-15,https://about.fb.com/news/2021/07/taking-action-against-hackers-in-iran/,domain,mails.center,Iran,,,,none,,Iran: Tortoiseshell related Domain,2026-09-11
2021 07 taking action against hackers in iran,threat_actor,meta,2021 07 taking action against hackers in iran,2021-07-15,https://about.fb.com/news/2021/07/taking-action-against-hackers-in-iran/,domain,metacafe.live,Iran,,,,none,,Iran: Tortoiseshell related Domain,2026-09-11
2021 07 taking action against hackers in iran,threat_actor,meta,2021 07 taking action against hackers in iran,2021-07-15,https://about.fb.com/news/2021/07/taking-action-against-hackers-in-iran/,domain,micorsoftonilne.com,Iran,,,,none,,Iran: Tortoiseshell related Domain,2026-09-11
2021 07 taking action against hackers in iran,threat_actor,meta,2021 07 taking action against hackers in iran,2021-07-15,https://about.fb.com/news/2021/07/taking-action-against-hackers-in-iran/,domain,micorsoftonline.website,Iran,,,,none,,Iran: Tortoiseshell related Domain,2026-09-11
2021 07 taking action against hackers in iran,threat_actor,meta,2021 07 taking action against hackers in iran,2021-07-15,https://about.fb.com/news/2021/07/taking-action-against-hackers-in-iran/,domain,micorsoftonline.xyz,Iran,,,,none,,Iran: Tortoiseshell related Domain,2026-09-11
2021 07 taking action against hackers in iran,threat_actor,meta,2021 07 taking action against hackers in iran,2021-07-15,https://about.fb.com/news/2021/07/taking-action-against-hackers-in-iran/,domain,microsoftoffice.systems,Iran,,,,none,,Iran: Tortoiseshell related Domain,2026-09-11
2021 07 taking action against hackers in iran,threat_actor,meta,2021 07 taking action against hackers in iran,2021-07-15,https://about.fb.com/news/2021/07/taking-action-against-hackers-in-iran/,domain,microsoftonilne.cloud,Iran,,,,none,,Iran: Tortoiseshell related Domain,2026-09-11
2021 07 taking action against hackers in iran,threat_actor,meta,2021 07 taking action against hackers in iran,2021-07-15,https://about.fb.com/news/2021/07/taking-action-against-hackers-in-iran/,domain,mispace.cam,Iran,,,,none,,Iran: Tortoiseshell related Domain,2026-09-11
2021 07 taking action against hackers in iran,threat_actor,meta,2021 07 taking action against hackers in iran,2021-07-15,https://about.fb.com/news/2021/07/taking-action-against-hackers-in-iran/,domain,msol.live,Iran,,,,none,,Iran: Tortoiseshell related Domain,2026-09-11
2021 07 taking action against hackers in iran,threat_actor,meta,2021 07 taking action against hackers in iran,2021-07-15,https://about.fb.com/news/2021/07/taking-action-against-hackers-in-iran/,domain,msonline.live,Iran,,,,none,,Iran: Tortoiseshell related Domain,2026-09-11
2021 07 taking action against hackers in iran,threat_actor,meta,2021 07 taking action against hackers in iran,2021-07-15,https://about.fb.com/news/2021/07/taking-action-against-hackers-in-iran/,domain,mssecurityaccount.online,Iran,,,,none,,Iran: Tortoiseshell related Domain,2026-09-11
2021 07 taking action against hackers in iran,threat_actor,meta,2021 07 taking action against hackers in iran,2021-07-15,https://about.fb.com/news/2021/07/taking-action-against-hackers-in-iran/,domain,mydomainxyz.xyz,Iran,,,,none,,Iran: Tortoiseshell related Domain,2026-09-11
2021 07 taking action against hackers in iran,threat_actor,meta,2021 07 taking action against hackers in iran,2021-07-15,https://about.fb.com/news/2021/07/taking-action-against-hackers-in-iran/,domain,news-smtp2go.email,Iran,,,,none,,Iran: Tortoiseshell related Domain,2026-09-11
2021 07 taking action against hackers in iran,threat_actor,meta,2021 07 taking action against hackers in iran,2021-07-15,https://about.fb.com/news/2021/07/taking-action-against-hackers-in-iran/,domain,newsl.ink,Iran,,,,none,,Iran: Tortoiseshell related Domain,2026-09-11
2021 07 taking action against hackers in iran,threat_actor,meta,2021 07 taking action against hackers in iran,2021-07-15,https://about.fb.com/news/2021/07/taking-action-against-hackers-in-iran/,domain,noreplay.email,Iran,,,,none,,Iran: Tortoiseshell related Domain,2026-09-11
2021 07 taking action against hackers in iran,threat_actor,meta,2021 07 taking action against hackers in iran,2021-07-15,https://about.fb.com/news/2021/07/taking-action-against-hackers-in-iran/,domain,novafile.tk,Iran,,,,none,,Iran: Tortoiseshell related Domain,2026-09-11
2021 07 taking action against hackers in iran,threat_actor,meta,2021 07 taking action against hackers in iran,2021-07-15,https://about.fb.com/news/2021/07/taking-action-against-hackers-in-iran/,domain,onpointcorp.co,Iran,,,,none,,Iran: Tortoiseshell related Domain,2026-09-11
2021 07 taking action against hackers in iran,threat_actor,meta,2021 07 taking action against hackers in iran,2021-07-15,https://about.fb.com/news/2021/07/taking-action-against-hackers-in-iran/,domain,outlook-services.com,Iran,,,,none,,Iran: Tortoiseshell related Domain,2026-09-11
2021 07 taking action against hackers in iran,threat_actor,meta,2021 07 taking action against hackers in iran,2021-07-15,https://about.fb.com/news/2021/07/taking-action-against-hackers-in-iran/,domain,outlookservices.live,Iran,,,,none,,Iran: Tortoiseshell related Domain,2026-09-11
2021 07 taking action against hackers in iran,threat_actor,meta,2021 07 taking action against hackers in iran,2021-07-15,https://about.fb.com/news/2021/07/taking-action-against-hackers-in-iran/,domain,outlookservices.me,Iran,,,,none,,Iran: Tortoiseshell related Domain,2026-09-11
2021 07 taking action against hackers in iran,threat_actor,meta,2021 07 taking action against hackers in iran,2021-07-15,https://about.fb.com/news/2021/07/taking-action-against-hackers-in-iran/,domain,outube.live,Iran,,,,none,,Iran: Tortoiseshell related Domain,2026-09-11
2021 07 taking action against hackers in iran,threat_actor,meta,2021 07 taking action against hackers in iran,2021-07-15,https://about.fb.com/news/2021/07/taking-action-against-hackers-in-iran/,domain,pic-shareonline.com,Iran,,,,none,,Iran: Tortoiseshell related Domain,2026-09-11
2021 07 taking action against hackers in iran,threat_actor,meta,2021 07 taking action against hackers in iran,2021-07-15,https://about.fb.com/news/2021/07/taking-action-against-hackers-in-iran/,domain,pixlr.live,Iran,,,,none,,Iran: Tortoiseshell related Domain,2026-09-11
2021 07 taking action against hackers in iran,threat_actor,meta,2021 07 taking action against hackers in iran,2021-07-15,https://about.fb.com/news/2021/07/taking-action-against-hackers-in-iran/,domain,pixlr.myftp.org,Iran,,,,none,,Iran: Tortoiseshell related Domain,2026-09-11
2021 07 taking action against hackers in iran,threat_actor,meta,2021 07 taking action against hackers in iran,2021-07-15,https://about.fb.com/news/2021/07/taking-action-against-hackers-in-iran/,domain,post-jquery.com,Iran,,,,none,,Iran: Tortoiseshell related Domain,2026-09-11
2021 07 taking action against hackers in iran,threat_actor,meta,2021 07 taking action against hackers in iran,2021-07-15,https://about.fb.com/news/2021/07/taking-action-against-hackers-in-iran/,domain,prefiles.ml,Iran,,,,none,,Iran: Tortoiseshell related Domain,2026-09-11
2021 07 taking action against hackers in iran,threat_actor,meta,2021 07 taking action against hackers in iran,2021-07-15,https://about.fb.com/news/2021/07/taking-action-against-hackers-in-iran/,domain,publicsgroupe.net,Iran,,,,none,,Iran: Tortoiseshell related Domain,2026-09-11
2021 07 taking action against hackers in iran,threat_actor,meta,2021 07 taking action against hackers in iran,2021-07-15,https://about.fb.com/news/2021/07/taking-action-against-hackers-in-iran/,domain,pwutc.live,Iran,,,,none,,Iran: Tortoiseshell related Domain,2026-09-11
2021 07 taking action against hackers in iran,threat_actor,meta,2021 07 taking action against hackers in iran,2021-07-15,https://about.fb.com/news/2021/07/taking-action-against-hackers-in-iran/,domain,rali.live,Iran,,,,none,,Iran: Tortoiseshell related Domain,2026-09-11
2021 07 taking action against hackers in iran,threat_actor,meta,2021 07 taking action against hackers in iran,2021-07-15,https://about.fb.com/news/2021/07/taking-action-against-hackers-in-iran/,domain,recruitme.international,Iran,,,,none,,Iran: Tortoiseshell related Domain,2026-09-11
2021 07 taking action against hackers in iran,threat_actor,meta,2021 07 taking action against hackers in iran,2021-07-15,https://about.fb.com/news/2021/07/taking-action-against-hackers-in-iran/,domain,robotics.land,Iran,,,,none,,Iran: Tortoiseshell related Domain,2026-09-11
2021 07 taking action against hackers in iran,threat_actor,meta,2021 07 taking action against hackers in iran,2021-07-15,https://about.fb.com/news/2021/07/taking-action-against-hackers-in-iran/,domain,sabic.work,Iran,,,,none,,Iran: Tortoiseshell related Domain,2026-09-11
2021 07 taking action against hackers in iran,threat_actor,meta,2021 07 taking action against hackers in iran,2021-07-15,https://about.fb.com/news/2021/07/taking-action-against-hackers-in-iran/,domain,sandsngo.com,Iran,,,,none,,Iran: Tortoiseshell related Domain,2026-09-11
2021 07 taking action against hackers in iran,threat_actor,meta,2021 07 taking action against hackers in iran,2021-07-15,https://about.fb.com/news/2021/07/taking-action-against-hackers-in-iran/,domain,saudivisions2030.org,Iran,,,,none,,Iran: Tortoiseshell related Domain,2026-09-11
2021 07 taking action against hackers in iran,threat_actor,meta,2021 07 taking action against hackers in iran,2021-07-15,https://about.fb.com/news/2021/07/taking-action-against-hackers-in-iran/,domain,securityaccountreply.com,Iran,,,,none,,Iran: Tortoiseshell related Domain,2026-09-11
2021 07 taking action against hackers in iran,threat_actor,meta,2021 07 taking action against hackers in iran,2021-07-15,https://about.fb.com/news/2021/07/taking-action-against-hackers-in-iran/,domain,seery.online,Iran,,,,none,,Iran: Tortoiseshell related Domain,2026-09-11
2021 07 taking action against hackers in iran,threat_actor,meta,2021 07 taking action against hackers in iran,2021-07-15,https://about.fb.com/news/2021/07/taking-action-against-hackers-in-iran/,domain,sendblaster.org,Iran,,,,none,,Iran: Tortoiseshell related Domain,2026-09-11
2021 07 taking action against hackers in iran,threat_actor,meta,2021 07 taking action against hackers in iran,2021-07-15,https://about.fb.com/news/2021/07/taking-action-against-hackers-in-iran/,domain,sender.gb.net,Iran,,,,none,,Iran: Tortoiseshell related Domain,2026-09-11
2021 07 taking action against hackers in iran,threat_actor,meta,2021 07 taking action against hackers in iran,2021-07-15,https://about.fb.com/news/2021/07/taking-action-against-hackers-in-iran/,domain,shareae.cf,Iran,,,,none,,Iran: Tortoiseshell related Domain,2026-09-11
2021 07 taking action against hackers in iran,threat_actor,meta,2021 07 taking action against hackers in iran,2021-07-15,https://about.fb.com/news/2021/07/taking-action-against-hackers-in-iran/,domain,shlink.run,Iran,,,,none,,Iran: Tortoiseshell related Domain,2026-09-11
2021 07 taking action against hackers in iran,threat_actor,meta,2021 07 taking action against hackers in iran,2021-07-15,https://about.fb.com/news/2021/07/taking-action-against-hackers-in-iran/,domain,shlnk.run,Iran,,,,none,,Iran: Tortoiseshell related Domain,2026-09-11
2021 07 taking action against hackers in iran,threat_actor,meta,2021 07 taking action against hackers in iran,2021-07-15,https://about.fb.com/news/2021/07/taking-action-against-hackers-in-iran/,domain,short-l.link,Iran,,,,none,,Iran: Tortoiseshell related Domain,2026-09-11
2021 07 taking action against hackers in iran,threat_actor,meta,2021 07 taking action against hackers in iran,2021-07-15,https://about.fb.com/news/2021/07/taking-action-against-hackers-in-iran/,domain,shortli.live,Iran,,,,none,,Iran: Tortoiseshell related Domain,2026-09-11
2021 07 taking action against hackers in iran,threat_actor,meta,2021 07 taking action against hackers in iran,2021-07-15,https://about.fb.com/news/2021/07/taking-action-against-hackers-in-iran/,domain,shrt.rip,Iran,,,,none,,Iran: Tortoiseshell related Domain,2026-09-11
2021 07 taking action against hackers in iran,threat_actor,meta,2021 07 taking action against hackers in iran,2021-07-15,https://about.fb.com/news/2021/07/taking-action-against-hackers-in-iran/,domain,shur.live,Iran,,,,none,,Iran: Tortoiseshell related Domain,2026-09-11
2021 07 taking action against hackers in iran,threat_actor,meta,2021 07 taking action against hackers in iran,2021-07-15,https://about.fb.com/news/2021/07/taking-action-against-hackers-in-iran/,domain,shurl.site,Iran,,,,none,,Iran: Tortoiseshell related Domain,2026-09-11
2021 07 taking action against hackers in iran,threat_actor,meta,2021 07 taking action against hackers in iran,2021-07-15,https://about.fb.com/news/2021/07/taking-action-against-hackers-in-iran/,domain,site1.life,Iran,,,,none,,Iran: Tortoiseshell related Domain,2026-09-11
2021 07 taking action against hackers in iran,threat_actor,meta,2021 07 taking action against hackers in iran,2021-07-15,https://about.fb.com/news/2021/07/taking-action-against-hackers-in-iran/,domain,smtp-2go.com,Iran,,,,none,,Iran: Tortoiseshell related Domain,2026-09-11
2021 07 taking action against hackers in iran,threat_actor,meta,2021 07 taking action against hackers in iran,2021-07-15,https://about.fb.com/news/2021/07/taking-action-against-hackers-in-iran/,domain,smtp2go.best,Iran,,,,none,,Iran: Tortoiseshell related Domain,2026-09-11
2021 07 taking action against hackers in iran,threat_actor,meta,2021 07 taking action against hackers in iran,2021-07-15,https://about.fb.com/news/2021/07/taking-action-against-hackers-in-iran/,domain,smtp2go.club,Iran,,,,none,,Iran: Tortoiseshell related Domain,2026-09-11
2021 07 taking action against hackers in iran,threat_actor,meta,2021 07 taking action against hackers in iran,2021-07-15,https://about.fb.com/news/2021/07/taking-action-against-hackers-in-iran/,domain,smtp2go.email,Iran,,,,none,,Iran: Tortoiseshell related Domain,2026-09-11
2021 07 taking action against hackers in iran,threat_actor,meta,2021 07 taking action against hackers in iran,2021-07-15,https://about.fb.com/news/2021/07/taking-action-against-hackers-in-iran/,domain,smtp2go.fun,Iran,,,,none,,Iran: Tortoiseshell related Domain,2026-09-11
2021 07 taking action against hackers in iran,threat_actor,meta,2021 07 taking action against hackers in iran,2021-07-15,https://about.fb.com/news/2021/07/taking-action-against-hackers-in-iran/,domain,smtp2go.icu,Iran,,,,none,,Iran: Tortoiseshell related Domain,2026-09-11
2021 07 taking action against hackers in iran,threat_actor,meta,2021 07 taking action against hackers in iran,2021-07-15,https://about.fb.com/news/2021/07/taking-action-against-hackers-in-iran/,domain,smtp2go.live,Iran,,,,none,,Iran: Tortoiseshell related Domain,2026-09-11
2021 07 taking action against hackers in iran,threat_actor,meta,2021 07 taking action against hackers in iran,2021-07-15,https://about.fb.com/news/2021/07/taking-action-against-hackers-in-iran/,domain,smtp2go.me,Iran,,,,none,,Iran: Tortoiseshell related Domain,2026-09-11
2021 07 taking action against hackers in iran,threat_actor,meta,2021 07 taking action against hackers in iran,2021-07-15,https://about.fb.com/news/2021/07/taking-action-against-hackers-in-iran/,domain,smtp2go.pw,Iran,,,,none,,Iran: Tortoiseshell related Domain,2026-09-11
2021 07 taking action against hackers in iran,threat_actor,meta,2021 07 taking action against hackers in iran,2021-07-15,https://about.fb.com/news/2021/07/taking-action-against-hackers-in-iran/,domain,smtp2go.site,Iran,,,,none,,Iran: Tortoiseshell related Domain,2026-09-11
2021 07 taking action against hackers in iran,threat_actor,meta,2021 07 taking action against hackers in iran,2021-07-15,https://about.fb.com/news/2021/07/taking-action-against-hackers-in-iran/,domain,smtp2go.space,Iran,,,,none,,Iran: Tortoiseshell related Domain,2026-09-11
2021 07 taking action against hackers in iran,threat_actor,meta,2021 07 taking action against hackers in iran,2021-07-15,https://about.fb.com/news/2021/07/taking-action-against-hackers-in-iran/,domain,smtp2go.website,Iran,,,,none,,Iran: Tortoiseshell related Domain,2026-09-11
2021 07 taking action against hackers in iran,threat_actor,meta,2021 07 taking action against hackers in iran,2021-07-15,https://about.fb.com/news/2021/07/taking-action-against-hackers-in-iran/,domain,smtper.center,Iran,,,,none,,Iran: Tortoiseshell related Domain,2026-09-11
2021 07 taking action against hackers in iran,threat_actor,meta,2021 07 taking action against hackers in iran,2021-07-15,https://about.fb.com/news/2021/07/taking-action-against-hackers-in-iran/,domain,smtptogo.pw,Iran,,,,none,,Iran: Tortoiseshell related Domain,2026-09-11
2021 07 taking action against hackers in iran,threat_actor,meta,2021 07 taking action against hackers in iran,2021-07-15,https://about.fb.com/news/2021/07/taking-action-against-hackers-in-iran/,domain,soc-usa.email,Iran,,,,none,,Iran: Tortoiseshell related Domain,2026-09-11
2021 07 taking action against hackers in iran,threat_actor,meta,2021 07 taking action against hackers in iran,2021-07-15,https://about.fb.com/news/2021/07/taking-action-against-hackers-in-iran/,domain,soundcloud.fun,Iran,,,,none,,Iran: Tortoiseshell related Domain,2026-09-11
2021 07 taking action against hackers in iran,threat_actor,meta,2021 07 taking action against hackers in iran,2021-07-15,https://about.fb.com/news/2021/07/taking-action-against-hackers-in-iran/,domain,soundcloud.live,Iran,,,,none,,Iran: Tortoiseshell related Domain,2026-09-11
2021 07 taking action against hackers in iran,threat_actor,meta,2021 07 taking action against hackers in iran,2021-07-15,https://about.fb.com/news/2021/07/taking-action-against-hackers-in-iran/,domain,spreadme.international,Iran,,,,none,,Iran: Tortoiseshell related Domain,2026-09-11
2021 07 taking action against hackers in iran,threat_actor,meta,2021 07 taking action against hackers in iran,2021-07-15,https://about.fb.com/news/2021/07/taking-action-against-hackers-in-iran/,domain,src-ymlang.link,Iran,,,,none,,Iran: Tortoiseshell related Domain,2026-09-11
2021 07 taking action against hackers in iran,threat_actor,meta,2021 07 taking action against hackers in iran,2021-07-15,https://about.fb.com/news/2021/07/taking-action-against-hackers-in-iran/,domain,support-securitymail.email,Iran,,,,none,,Iran: Tortoiseshell related Domain,2026-09-11
2021 07 taking action against hackers in iran,threat_actor,meta,2021 07 taking action against hackers in iran,2021-07-15,https://about.fb.com/news/2021/07/taking-action-against-hackers-in-iran/,domain,support-ymail-team.online,Iran,,,,none,,Iran: Tortoiseshell related Domain,2026-09-11
2021 07 taking action against hackers in iran,threat_actor,meta,2021 07 taking action against hackers in iran,2021-07-15,https://about.fb.com/news/2021/07/taking-action-against-hackers-in-iran/,domain,surl.ist,Iran,,,,none,,Iran: Tortoiseshell related Domain,2026-09-11
2021 07 taking action against hackers in iran,threat_actor,meta,2021 07 taking action against hackers in iran,2021-07-15,https://about.fb.com/news/2021/07/taking-action-against-hackers-in-iran/,domain,surl.live,Iran,,,,none,,Iran: Tortoiseshell related Domain,2026-09-11
2021 07 taking action against hackers in iran,threat_actor,meta,2021 07 taking action against hackers in iran,2021-07-15,https://about.fb.com/news/2021/07/taking-action-against-hackers-in-iran/,domain,sxk8xrjtaikv3dxl7hgghw3vptvxpzzxeynrcltu4k3yeecjq3.online,Iran,,,,none,,Iran: Tortoiseshell related Domain,2026-09-11
2021 07 taking action against hackers in iran,threat_actor,meta,2021 07 taking action against hackers in iran,2021-07-15,https://about.fb.com/news/2021/07/taking-action-against-hackers-in-iran/,domain,systembackend.site,Iran,,,,none,,Iran: Tortoiseshell related Domain,2026-09-11
2021 07 taking action against hackers in iran,threat_actor,meta,2021 07 taking action against hackers in iran,2021-07-15,https://about.fb.com/news/2021/07/taking-action-against-hackers-in-iran/,domain,techmahindra.support,Iran,,,,none,,Iran: Tortoiseshell related Domain,2026-09-11
2021 07 taking action against hackers in iran,threat_actor,meta,2021 07 taking action against hackers in iran,2021-07-15,https://about.fb.com/news/2021/07/taking-action-against-hackers-in-iran/,domain,teleweb.world,Iran,,,,none,,Iran: Tortoiseshell related Domain,2026-09-11
2021 07 taking action against hackers in iran,threat_actor,meta,2021 07 taking action against hackers in iran,2021-07-15,https://about.fb.com/news/2021/07/taking-action-against-hackers-in-iran/,domain,tetra.email,Iran,,,,none,,Iran: Tortoiseshell related Domain,2026-09-11
2021 07 taking action against hackers in iran,threat_actor,meta,2021 07 taking action against hackers in iran,2021-07-15,https://about.fb.com/news/2021/07/taking-action-against-hackers-in-iran/,domain,thegardian.ml,Iran,,,,none,,Iran: Tortoiseshell related Domain,2026-09-11
2021 07 taking action against hackers in iran,threat_actor,meta,2021 07 taking action against hackers in iran,2021-07-15,https://about.fb.com/news/2021/07/taking-action-against-hackers-in-iran/,domain,thegaurdian.live,Iran,,,,none,,Iran: Tortoiseshell related Domain,2026-09-11
2021 07 taking action against hackers in iran,threat_actor,meta,2021 07 taking action against hackers in iran,2021-07-15,https://about.fb.com/news/2021/07/taking-action-against-hackers-in-iran/,domain,thomsonsreuters.email,Iran,,,,none,,Iran: Tortoiseshell related Domain,2026-09-11
2021 07 taking action against hackers in iran,threat_actor,meta,2021 07 taking action against hackers in iran,2021-07-15,https://about.fb.com/news/2021/07/taking-action-against-hackers-in-iran/,domain,thomsonsreuters.eu,Iran,,,,none,,Iran: Tortoiseshell related Domain,2026-09-11
2021 07 taking action against hackers in iran,threat_actor,meta,2021 07 taking action against hackers in iran,2021-07-15,https://about.fb.com/news/2021/07/taking-action-against-hackers-in-iran/,domain,thomsonsreuters.link,Iran,,,,none,,Iran: Tortoiseshell related Domain,2026-09-11
2021 07 taking action against hackers in iran,threat_actor,meta,2021 07 taking action against hackers in iran,2021-07-15,https://about.fb.com/news/2021/07/taking-action-against-hackers-in-iran/,domain,thomsonsreuters.net,Iran,,,,none,,Iran: Tortoiseshell related Domain,2026-09-11
2021 07 taking action against hackers in iran,threat_actor,meta,2021 07 taking action against hackers in iran,2021-07-15,https://about.fb.com/news/2021/07/taking-action-against-hackers-in-iran/,domain,tinil.ink,Iran,,,,none,,Iran: Tortoiseshell related Domain,2026-09-11
2021 07 taking action against hackers in iran,threat_actor,meta,2021 07 taking action against hackers in iran,2021-07-15,https://about.fb.com/news/2021/07/taking-action-against-hackers-in-iran/,domain,tinly.me,Iran,,,,none,,Iran: Tortoiseshell related Domain,2026-09-11
2021 07 taking action against hackers in iran,threat_actor,meta,2021 07 taking action against hackers in iran,2021-07-15,https://about.fb.com/news/2021/07/taking-action-against-hackers-in-iran/,domain,tinylink.pro,Iran,,,,none,,Iran: Tortoiseshell related Domain,2026-09-11
2021 07 taking action against hackers in iran,threat_actor,meta,2021 07 taking action against hackers in iran,2021-07-15,https://about.fb.com/news/2021/07/taking-action-against-hackers-in-iran/,domain,tinyurl.gold,Iran,,,,none,,Iran: Tortoiseshell related Domain,2026-09-11
2021 07 taking action against hackers in iran,threat_actor,meta,2021 07 taking action against hackers in iran,2021-07-15,https://about.fb.com/news/2021/07/taking-action-against-hackers-in-iran/,domain,tiwpan.xyz,Iran,,,,none,,Iran: Tortoiseshell related Domain,2026-09-11
2021 07 taking action against hackers in iran,threat_actor,meta,2021 07 taking action against hackers in iran,2021-07-15,https://about.fb.com/news/2021/07/taking-action-against-hackers-in-iran/,domain,tox.cheap,Iran,,,,none,,Iran: Tortoiseshell related Domain,2026-09-11
2021 07 taking action against hackers in iran,threat_actor,meta,2021 07 taking action against hackers in iran,2021-07-15,https://about.fb.com/news/2021/07/taking-action-against-hackers-in-iran/,domain,treasury.email,Iran,,,,none,,Iran: Tortoiseshell related Domain,2026-09-11
2021 07 taking action against hackers in iran,threat_actor,meta,2021 07 taking action against hackers in iran,2021-07-15,https://about.fb.com/news/2021/07/taking-action-against-hackers-in-iran/,domain,treporter.com,Iran,,,,none,,Iran: Tortoiseshell related Domain,2026-09-11
2021 07 taking action against hackers in iran,threat_actor,meta,2021 07 taking action against hackers in iran,2021-07-15,https://about.fb.com/news/2021/07/taking-action-against-hackers-in-iran/,domain,trumphotel.net,Iran,,,,none,,Iran: Tortoiseshell related Domain,2026-09-11
2021 07 taking action against hackers in iran,threat_actor,meta,2021 07 taking action against hackers in iran,2021-07-15,https://about.fb.com/news/2021/07/taking-action-against-hackers-in-iran/,domain,trumpnationallosangeles.email,Iran,,,,none,,Iran: Tortoiseshell related Domain,2026-09-11
2021 07 taking action against hackers in iran,threat_actor,meta,2021 07 taking action against hackers in iran,2021-07-15,https://about.fb.com/news/2021/07/taking-action-against-hackers-in-iran/,domain,trumporganization.world,Iran,,,,none,,Iran: Tortoiseshell related Domain,2026-09-11
2021 07 taking action against hackers in iran,threat_actor,meta,2021 07 taking action against hackers in iran,2021-07-15,https://about.fb.com/news/2021/07/taking-action-against-hackers-in-iran/,domain,trumporganizations.com,Iran,,,,none,,Iran: Tortoiseshell related Domain,2026-09-11
2021 07 taking action against hackers in iran,threat_actor,meta,2021 07 taking action against hackers in iran,2021-07-15,https://about.fb.com/news/2021/07/taking-action-against-hackers-in-iran/,domain,tv-youtube.com,Iran,,,,none,,Iran: Tortoiseshell related Domain,2026-09-11
2021 07 taking action against hackers in iran,threat_actor,meta,2021 07 taking action against hackers in iran,2021-07-15,https://about.fb.com/news/2021/07/taking-action-against-hackers-in-iran/,domain,uploaderfile.cf,Iran,,,,none,,Iran: Tortoiseshell related Domain,2026-09-11
2021 07 taking action against hackers in iran,threat_actor,meta,2021 07 taking action against hackers in iran,2021-07-15,https://about.fb.com/news/2021/07/taking-action-against-hackers-in-iran/,domain,usdailypost.com,Iran,,,,none,,Iran: Tortoiseshell related Domain,2026-09-11
2021 07 taking action against hackers in iran,threat_actor,meta,2021 07 taking action against hackers in iran,2021-07-15,https://about.fb.com/news/2021/07/taking-action-against-hackers-in-iran/,domain,usdailypost.net,Iran,,,,none,,Iran: Tortoiseshell related Domain,2026-09-11
2021 07 taking action against hackers in iran,threat_actor,meta,2021 07 taking action against hackers in iran,2021-07-15,https://about.fb.com/news/2021/07/taking-action-against-hackers-in-iran/,domain,usdp.news,Iran,,,,none,,Iran: Tortoiseshell related Domain,2026-09-11
2021 07 taking action against hackers in iran,threat_actor,meta,2021 07 taking action against hackers in iran,2021-07-15,https://about.fb.com/news/2021/07/taking-action-against-hackers-in-iran/,domain,vps.limited,Iran,,,,none,,Iran: Tortoiseshell related Domain,2026-09-11
2021 07 taking action against hackers in iran,threat_actor,meta,2021 07 taking action against hackers in iran,2021-07-15,https://about.fb.com/news/2021/07/taking-action-against-hackers-in-iran/,domain,watch-youtube.com,Iran,,,,none,,Iran: Tortoiseshell related Domain,2026-09-11
2021 07 taking action against hackers in iran,threat_actor,meta,2021 07 taking action against hackers in iran,2021-07-15,https://about.fb.com/news/2021/07/taking-action-against-hackers-in-iran/,domain,wikileaks.email,Iran,,,,none,,Iran: Tortoiseshell related Domain,2026-09-11
2021 07 taking action against hackers in iran,threat_actor,meta,2021 07 taking action against hackers in iran,2021-07-15,https://about.fb.com/news/2021/07/taking-action-against-hackers-in-iran/,domain,workshopplatform.network,Iran,,,,none,,Iran: Tortoiseshell related Domain,2026-09-11
2021 07 taking action against hackers in iran,threat_actor,meta,2021 07 taking action against hackers in iran,2021-07-15,https://about.fb.com/news/2021/07/taking-action-against-hackers-in-iran/,domain,xn--rumphotels-vcc.com,Iran,,,,none,,Iran: Tortoiseshell related Domain,2026-09-11
2021 07 taking action against hackers in iran,threat_actor,meta,2021 07 taking action against hackers in iran,2021-07-15,https://about.fb.com/news/2021/07/taking-action-against-hackers-in-iran/,domain,xn--twitte-u9a.com,Iran,,,,none,,Iran: Tortoiseshell related Domain,2026-09-11
2021 07 taking action against hackers in iran,threat_actor,meta,2021 07 taking action against hackers in iran,2021-07-15,https://about.fb.com/news/2021/07/taking-action-against-hackers-in-iran/,domain,xyzsitexyz.xyz,Iran,,,,none,,Iran: Tortoiseshell related Domain,2026-09-11
2021 07 taking action against hackers in iran,threat_actor,meta,2021 07 taking action against hackers in iran,2021-07-15,https://about.fb.com/news/2021/07/taking-action-against-hackers-in-iran/,domain,ymail-account.support,Iran,,,,none,,Iran: Tortoiseshell related Domain,2026-09-11
2021 07 taking action against hackers in iran,threat_actor,meta,2021 07 taking action against hackers in iran,2021-07-15,https://about.fb.com/news/2021/07/taking-action-against-hackers-in-iran/,domain,ymail-security-support.email,Iran,,,,none,,Iran: Tortoiseshell related Domain,2026-09-11
2021 07 taking action against hackers in iran,threat_actor,meta,2021 07 taking action against hackers in iran,2021-07-15,https://about.fb.com/news/2021/07/taking-action-against-hackers-in-iran/,domain,ymail-security.support,Iran,,,,none,,Iran: Tortoiseshell related Domain,2026-09-11
2021 07 taking action against hackers in iran,threat_actor,meta,2021 07 taking action against hackers in iran,2021-07-15,https://about.fb.com/news/2021/07/taking-action-against-hackers-in-iran/,domain,ymailaccounts.us,Iran,,,,none,,Iran: Tortoiseshell related Domain,2026-09-11
2021 07 taking action against hackers in iran,threat_actor,meta,2021 07 taking action against hackers in iran,2021-07-15,https://about.fb.com/news/2021/07/taking-action-against-hackers-in-iran/,domain,ymailsupport.info,Iran,,,,none,,Iran: Tortoiseshell related Domain,2026-09-11
2021 07 taking action against hackers in iran,threat_actor,meta,2021 07 taking action against hackers in iran,2021-07-15,https://about.fb.com/news/2021/07/taking-action-against-hackers-in-iran/,domain,zain.network,Iran,,,,none,,Iran: Tortoiseshell related Domain,2026-09-11
